Year, kWh, kvarh, "Peak kW", "peak kVA", "Losses kWh", "Losses kvarh", "Peak Losses kW"
1, 48096359.1708874, 18197536.942496, 11979.1383068396, 12921.3819040254, 834841.237441077, 2497967.4102772, 254.183258704723
