Year, kWh, kvarh, "Peak kW", "peak kVA", "Losses kWh", "Losses kvarh", "Peak Losses kW"
1, 44949226.3201995, 18109374.8343198, 11087.4979657882, 12034.8726260557, 800507.23215826, 2385450.09000255, 234.156321415309
