Year, kWh, kvarh, "Peak kW", "peak kVA", "Losses kWh", "Losses kvarh", "Peak Losses kW"
1, 45646558.0384945, 18169765.5544534, 11244.289905616, 12187.3936302324, 810958.534154749, 2445892.39200774, 239.134487311277
