Year, kWh, kvarh, "Peak kW", "peak kVA", "Losses kWh", "Losses kvarh", "Peak Losses kW"
1, 48144526.3228955, 18201502.4170462, 12013.2890254664, 12954.4625085226, 835830.239625025, 2501946.13920735, 255.151858570363
